distrito,20a29,30a39,40a49,50a59,60a69,70a79,80e+,< 1 ano,15a19,Total,ano,cid,dcnt
Água Rasa,-,-,-,-,-,-,-,,,-,2016,J47,Bronquectasia
Alto de Pinheiros,-,-,-,-,-,-,-,,,-,2016,J47,Bronquectasia
Anhanguera,-,-,-,-,-,-,-,,,-,2016,J47,Bronquectasia
Aricanduva,-,-,-,-,-,-,-,,,-,2016,J47,Bronquectasia
Artur Alvim,-,-,-,-,-,-,-,,,-,2016,J47,Bronquectasia
Barra Funda,-,-,-,-,-,-,-,,,-,2016,J47,Bronquectasia
Bela Vista,-,-,-,-,-,-,1,,,1,2016,J47,Bronquectasia
Belém,-,-,-,-,-,-,-,,,-,2016,J47,Bronquectasia
Bom Retiro,-,-,-,-,-,-,-,,,-,2016,J47,Bronquectasia
Brás,-,-,-,-,-,-,-,,,-,2016,J47,Bronquectasia
Brasilândia,-,-,-,-,-,-,-,,,-,2016,J47,Bronquectasia
Butantã,-,-,-,-,-,-,-,,,-,2016,J47,Bronquectasia
Cachoeirinha,-,-,-,-,-,-,-,,,-,2016,J47,Bronquectasia
Cambuci,-,-,-,-,-,-,-,,,-,2016,J47,Bronquectasia
Campo Belo,-,-,-,-,-,-,-,,,-,2016,J47,Bronquectasia
Campo Grande,-,-,-,-,-,-,-,,,-,2016,J47,Bronquectasia
Campo Limpo,-,-,-,-,-,-,-,,,-,2016,J47,Bronquectasia
Cangaíba,-,-,-,-,-,-,-,,,-,2016,J47,Bronquectasia
Capão Redondo,-,1,-,-,-,-,-,,,1,2016,J47,Bronquectasia
Carrão,1,-,-,-,-,-,-,,,1,2016,J47,Bronquectasia
Casa Verde,-,-,-,-,-,-,1,,,1,2016,J47,Bronquectasia
Cidade Ademar,-,-,-,-,-,-,-,,,-,2016,J47,Bronquectasia
Cidade Dutra,-,-,-,-,-,-,-,,,-,2016,J47,Bronquectasia
Cidade Líder,-,-,-,-,-,-,-,,,-,2016,J47,Bronquectasia
Cidade Tiradentes,-,-,-,-,-,-,-,,,-,2016,J47,Bronquectasia
Consolação,-,-,-,-,-,-,-,,,-,2016,J47,Bronquectasia
Cursino,-,-,-,-,-,-,-,,,-,2016,J47,Bronquectasia
Ermelino Matarazzo,-,-,-,-,-,-,-,,,-,2016,J47,Bronquectasia
Freguesia do Ó,-,-,-,1,-,-,-,,,1,2016,J47,Bronquectasia
Grajaú,-,-,-,-,-,-,-,,,-,2016,J47,Bronquectasia
Guaianases,-,-,-,-,-,-,-,,,-,2016,J47,Bronquectasia
Iguatemi,-,-,-,-,-,-,-,,,-,2016,J47,Bronquectasia
Ipiranga,-,-,-,-,-,-,-,,,-,2016,J47,Bronquectasia
Itaim Bibi,-,-,-,-,-,-,-,,,-,2016,J47,Bronquectasia
Itaim Paulista,-,-,-,-,-,-,-,,,-,2016,J47,Bronquectasia
Itaquera,-,-,-,-,-,-,-,,,-,2016,J47,Bronquectasia
Jabaquara,-,-,-,-,-,-,-,,,-,2016,J47,Bronquectasia
Jaçanã,-,-,-,-,-,-,-,,,-,2016,J47,Bronquectasia
Jaguara,-,-,-,-,-,-,-,,,-,2016,J47,Bronquectasia
Jaguaré,-,-,-,-,-,-,-,,,-,2016,J47,Bronquectasia
Jaraguá,-,-,-,-,-,-,-,,,-,2016,J47,Bronquectasia
Jardim Ângela,-,-,-,1,-,-,-,,,1,2016,J47,Bronquectasia
Jardim Helena,-,-,-,-,-,-,-,,,-,2016,J47,Bronquectasia
Jardim Paulista,-,-,-,-,-,-,-,,,-,2016,J47,Bronquectasia
Jardim São Luís,-,-,-,-,-,-,-,,,-,2016,J47,Bronquectasia
José Bonifácio,-,-,-,-,-,-,-,,,-,2016,J47,Bronquectasia
Lajeado,-,-,-,-,-,-,-,,,-,2016,J47,Bronquectasia
Lapa,-,-,-,-,-,-,-,,,-,2016,J47,Bronquectasia
Liberdade,-,-,-,-,-,-,-,,,-,2016,J47,Bronquectasia
Limão,-,-,-,-,-,-,-,,,-,2016,J47,Bronquectasia
Mandaqui,-,-,-,-,-,-,-,,,-,2016,J47,Bronquectasia
Marsilac,-,-,-,-,-,-,-,,,-,2016,J47,Bronquectasia
Moema,-,-,-,-,-,-,1,,,1,2016,J47,Bronquectasia
Moóca,-,-,-,-,-,-,-,,,-,2016,J47,Bronquectasia
Morumbi,-,-,-,-,-,-,-,,,-,2016,J47,Bronquectasia
Parelheiros,-,-,-,-,-,-,-,,,-,2016,J47,Bronquectasia
Pari,-,-,-,-,-,-,-,,,-,2016,J47,Bronquectasia
Parque do Carmo,-,-,-,-,-,-,-,,,-,2016,J47,Bronquectasia
Pedreira,-,-,-,-,-,-,-,,,-,2016,J47,Bronquectasia
Penha,-,-,-,-,-,-,-,,,-,2016,J47,Bronquectasia
Perdizes,-,-,-,-,-,-,1,,,1,2016,J47,Bronquectasia
Perus,-,-,-,-,-,-,-,,,-,2016,J47,Bronquectasia
Pinheiros,-,-,-,-,-,-,1,,,1,2016,J47,Bronquectasia
Pirituba,-,-,-,-,-,1,-,,,1,2016,J47,Bronquectasia
Ponte Rasa,-,-,-,-,1,-,-,,,1,2016,J47,Bronquectasia
Raposo Tavares,-,-,-,-,-,-,-,,,-,2016,J47,Bronquectasia
República,-,-,-,-,-,-,-,,,-,2016,J47,Bronquectasia
Rio Pequeno,-,-,-,-,-,-,-,,,-,2016,J47,Bronquectasia
Sacomã,-,-,1,-,-,-,-,,,1,2016,J47,Bronquectasia
Santa Cecília,-,-,-,-,-,-,-,,,-,2016,J47,Bronquectasia
Santana,-,-,-,-,1,-,-,,,1,2016,J47,Bronquectasia
Santo Amaro,-,-,-,-,-,-,-,,,-,2016,J47,Bronquectasia
São Domingos,-,-,-,-,-,-,-,,,-,2016,J47,Bronquectasia
São Lucas,-,-,-,-,-,-,-,,,-,2016,J47,Bronquectasia
São Mateus,-,-,-,-,-,-,-,,,-,2016,J47,Bronquectasia
São Miguel,-,-,-,-,-,-,-,,,-,2016,J47,Bronquectasia
São Rafael,-,-,-,-,-,-,-,,,-,2016,J47,Bronquectasia
Sapopemba,-,-,-,1,-,-,-,,,1,2016,J47,Bronquectasia
Saúde,-,-,-,-,-,-,-,,,-,2016,J47,Bronquectasia
Sé,-,-,-,-,-,-,-,,,-,2016,J47,Bronquectasia
Socorro,-,-,-,-,-,-,-,,,-,2016,J47,Bronquectasia
Tatuapé,-,-,-,-,-,-,-,,,-,2016,J47,Bronquectasia
Tremembé,-,-,-,-,-,-,-,,,-,2016,J47,Bronquectasia
Tucuruvi,-,-,-,-,-,-,-,,,-,2016,J47,Bronquectasia
Vila Andrade,-,-,-,-,-,-,-,,,-,2016,J47,Bronquectasia
Vila Curuçá,-,-,-,-,-,-,-,,,-,2016,J47,Bronquectasia
Vila Formosa,-,-,-,-,-,-,-,,,-,2016,J47,Bronquectasia
Vila Guilherme,-,-,-,-,-,-,-,,,-,2016,J47,Bronquectasia
Vila Jacuí,-,-,-,-,1,-,-,,,1,2016,J47,Bronquectasia
Vila Leopoldina,-,-,-,-,-,-,-,,,-,2016,J47,Bronquectasia
Vila Maria,-,-,-,-,-,-,-,,,-,2016,J47,Bronquectasia
Vila Mariana,-,-,-,-,-,-,-,,,-,2016,J47,Bronquectasia
Vila Matilde,-,-,-,-,-,-,-,,,-,2016,J47,Bronquectasia
Vila Medeiros,-,-,-,-,-,-,-,,,-,2016,J47,Bronquectasia
Vila Prudente,-,-,-,-,-,-,-,,,-,2016,J47,Bronquectasia
Vila Sônia,-,-,-,-,-,-,-,,,-,2016,J47,Bronquectasia
Desconhecido,-,-,-,-,-,-,-,,,-,2016,J47,Bronquectasia
Ignorado,-,-,-,-,-,-,-,,,-,2016,J47,Bronquectasia
Água Rasa,,,-,,-,-,-,,,-,2017,J47,Bronquectasia
Alto de Pinheiros,,,-,,-,-,-,,,-,2017,J47,Bronquectasia
Anhanguera,,,-,,-,-,-,,,-,2017,J47,Bronquectasia
Aricanduva,,,-,,-,-,-,,,-,2017,J47,Bronquectasia
Artur Alvim,,,-,,-,-,-,,,-,2017,J47,Bronquectasia
Barra Funda,,,-,,-,-,-,,,-,2017,J47,Bronquectasia
Bela Vista,,,-,,-,-,1,,,1,2017,J47,Bronquectasia
Belém,,,-,,-,-,-,,,-,2017,J47,Bronquectasia
Bom Retiro,,,-,,-,-,-,,,-,2017,J47,Bronquectasia
Brás,,,-,,-,-,-,,,-,2017,J47,Bronquectasia
Brasilândia,,,-,,-,2,-,,,2,2017,J47,Bronquectasia
Butantã,,,-,,-,-,-,,,-,2017,J47,Bronquectasia
Cachoeirinha,,,-,,1,-,-,,,1,2017,J47,Bronquectasia
Cambuci,,,-,,-,-,-,,,-,2017,J47,Bronquectasia
Campo Belo,,,-,,-,-,-,,,-,2017,J47,Bronquectasia
Campo Grande,,,-,,-,-,-,,,-,2017,J47,Bronquectasia
Campo Limpo,,,-,,-,-,-,,,-,2017,J47,Bronquectasia
Cangaíba,,,-,,1,-,-,,,1,2017,J47,Bronquectasia
Capão Redondo,,,1,,1,-,-,,,2,2017,J47,Bronquectasia
Carrão,,,-,,-,-,-,,,-,2017,J47,Bronquectasia
Casa Verde,,,-,,-,-,-,,,-,2017,J47,Bronquectasia
Cidade Ademar,,,-,,-,-,1,,,1,2017,J47,Bronquectasia
Cidade Dutra,,,-,,-,-,1,,,1,2017,J47,Bronquectasia
Cidade Líder,,,-,,-,-,-,,,-,2017,J47,Bronquectasia
Cidade Tiradentes,,,-,,-,-,-,,,-,2017,J47,Bronquectasia
Consolação,,,-,,-,-,-,,,-,2017,J47,Bronquectasia
Cursino,,,-,,-,-,1,,,1,2017,J47,Bronquectasia
Ermelino Matarazzo,,,-,,-,-,-,,,-,2017,J47,Bronquectasia
Freguesia do Ó,,,-,,-,1,-,,,1,2017,J47,Bronquectasia
Grajaú,,,1,,-,-,-,,,1,2017,J47,Bronquectasia
Guaianases,,,-,,-,-,-,,,-,2017,J47,Bronquectasia
Iguatemi,,,-,,-,-,-,,,-,2017,J47,Bronquectasia
Ipiranga,,,-,,-,-,-,,,-,2017,J47,Bronquectasia
Itaim Bibi,,,-,,-,1,-,,,1,2017,J47,Bronquectasia
Itaim Paulista,,,-,,-,-,-,,,-,2017,J47,Bronquectasia
Itaquera,,,-,,-,-,-,,,-,2017,J47,Bronquectasia
Jabaquara,,,-,,-,-,-,,,-,2017,J47,Bronquectasia
Jaçanã,,,-,,-,-,-,,,-,2017,J47,Bronquectasia
Jaguara,,,-,,-,-,-,,,-,2017,J47,Bronquectasia
Jaguaré,,,-,,-,-,-,,,-,2017,J47,Bronquectasia
Jaraguá,,,-,,-,-,-,,,-,2017,J47,Bronquectasia
Jardim Ângela,,,-,,-,-,-,,,-,2017,J47,Bronquectasia
Jardim Helena,,,-,,-,-,-,,,-,2017,J47,Bronquectasia
Jardim Paulista,,,-,,-,-,-,,,-,2017,J47,Bronquectasia
Jardim São Luís,,,-,,-,-,-,,,-,2017,J47,Bronquectasia
José Bonifácio,,,-,,-,-,-,,,-,2017,J47,Bronquectasia
Lajeado,,,-,,-,-,1,,,1,2017,J47,Bronquectasia
Lapa,,,-,,-,-,-,,,-,2017,J47,Bronquectasia
Liberdade,,,-,,-,-,-,,,-,2017,J47,Bronquectasia
Limão,,,-,,-,-,-,,,-,2017,J47,Bronquectasia
Mandaqui,,,-,,-,-,-,,,-,2017,J47,Bronquectasia
Marsilac,,,-,,-,-,-,,,-,2017,J47,Bronquectasia
Moema,,,-,,-,-,-,,,-,2017,J47,Bronquectasia
Moóca,,,-,,-,-,-,,,-,2017,J47,Bronquectasia
Morumbi,,,-,,-,-,-,,,-,2017,J47,Bronquectasia
Parelheiros,,,-,,-,-,-,,,-,2017,J47,Bronquectasia
Pari,,,-,,-,-,-,,,-,2017,J47,Bronquectasia
Parque do Carmo,,,-,,-,-,-,,,-,2017,J47,Bronquectasia
Pedreira,,,-,,-,-,-,,,-,2017,J47,Bronquectasia
Penha,,,-,,-,-,-,,,-,2017,J47,Bronquectasia
Perdizes,,,-,,-,1,-,,,1,2017,J47,Bronquectasia
Perus,,,-,,-,-,-,,,-,2017,J47,Bronquectasia
Pinheiros,,,-,,-,-,-,,,-,2017,J47,Bronquectasia
Pirituba,,,-,,-,-,1,,,1,2017,J47,Bronquectasia
Ponte Rasa,,,-,,-,-,-,,,-,2017,J47,Bronquectasia
Raposo Tavares,,,-,,-,-,-,,,-,2017,J47,Bronquectasia
República,,,-,,-,-,-,,,-,2017,J47,Bronquectasia
Rio Pequeno,,,-,,-,-,-,,,-,2017,J47,Bronquectasia
Sacomã,,,-,,-,-,-,,,-,2017,J47,Bronquectasia
Santa Cecília,,,-,,-,-,-,,,-,2017,J47,Bronquectasia
Santana,,,-,,-,-,-,,,-,2017,J47,Bronquectasia
Santo Amaro,,,-,,-,-,-,,,-,2017,J47,Bronquectasia
São Domingos,,,-,,-,-,-,,,-,2017,J47,Bronquectasia
São Lucas,,,-,,-,-,-,,,-,2017,J47,Bronquectasia
São Mateus,,,-,,-,-,-,,,-,2017,J47,Bronquectasia
São Miguel,,,-,,-,-,-,,,-,2017,J47,Bronquectasia
São Rafael,,,-,,-,-,-,,,-,2017,J47,Bronquectasia
Sapopemba,,,-,,-,-,-,,,-,2017,J47,Bronquectasia
Saúde,,,-,,-,1,-,,,1,2017,J47,Bronquectasia
Sé,,,-,,-,-,-,,,-,2017,J47,Bronquectasia
Socorro,,,-,,-,-,-,,,-,2017,J47,Bronquectasia
Tatuapé,,,-,,-,-,-,,,-,2017,J47,Bronquectasia
Tremembé,,,-,,-,-,-,,,-,2017,J47,Bronquectasia
Tucuruvi,,,-,,-,1,-,,,1,2017,J47,Bronquectasia
Vila Andrade,,,-,,-,-,-,,,-,2017,J47,Bronquectasia
Vila Curuçá,,,-,,-,-,-,,,-,2017,J47,Bronquectasia
Vila Formosa,,,-,,-,-,-,,,-,2017,J47,Bronquectasia
Vila Guilherme,,,-,,-,-,-,,,-,2017,J47,Bronquectasia
Vila Jacuí,,,-,,-,-,-,,,-,2017,J47,Bronquectasia
Vila Leopoldina,,,-,,-,-,-,,,-,2017,J47,Bronquectasia
Vila Maria,,,-,,1,-,1,,,2,2017,J47,Bronquectasia
Vila Mariana,,,-,,-,-,-,,,-,2017,J47,Bronquectasia
Vila Matilde,,,-,,-,-,-,,,-,2017,J47,Bronquectasia
Vila Medeiros,,,-,,-,-,-,,,-,2017,J47,Bronquectasia
Vila Prudente,,,-,,-,-,-,,,-,2017,J47,Bronquectasia
Vila Sônia,,,-,,-,-,-,,,-,2017,J47,Bronquectasia
Desconhecido,,,-,,-,-,-,,,-,2017,J47,Bronquectasia
Ignorado,,,-,,-,-,-,,,-,2017,J47,Bronquectasia
Água Rasa,-,-,-,-,-,-,-,,,-,2018,J47,Bronquectasia
Alto de Pinheiros,-,-,-,-,-,-,-,,,-,2018,J47,Bronquectasia
Anhanguera,-,-,-,-,-,-,-,,,-,2018,J47,Bronquectasia
Aricanduva,-,-,-,-,-,-,-,,,-,2018,J47,Bronquectasia
Artur Alvim,-,-,-,-,-,-,-,,,-,2018,J47,Bronquectasia
Barra Funda,-,-,-,-,-,-,-,,,-,2018,J47,Bronquectasia
Bela Vista,-,-,-,1,-,-,-,,,1,2018,J47,Bronquectasia
Belém,-,-,-,-,-,-,-,,,-,2018,J47,Bronquectasia
Bom Retiro,-,-,-,-,-,-,1,,,1,2018,J47,Bronquectasia
Brás,-,-,-,-,-,-,-,,,-,2018,J47,Bronquectasia
Brasilândia,-,-,-,-,-,-,-,,,-,2018,J47,Bronquectasia
Butantã,-,-,1,-,-,-,-,,,1,2018,J47,Bronquectasia
Cachoeirinha,-,-,-,-,-,-,-,,,-,2018,J47,Bronquectasia
Cambuci,-,-,-,-,-,-,-,,,-,2018,J47,Bronquectasia
Campo Belo,-,-,-,-,-,1,-,,,1,2018,J47,Bronquectasia
Campo Grande,-,-,-,-,-,-,-,,,-,2018,J47,Bronquectasia
Campo Limpo,-,-,-,-,-,-,-,,,-,2018,J47,Bronquectasia
Cangaíba,-,-,-,-,-,-,-,,,-,2018,J47,Bronquectasia
Capão Redondo,-,-,-,-,-,-,-,,,-,2018,J47,Bronquectasia
Carrão,-,-,-,-,-,-,-,,,-,2018,J47,Bronquectasia
Casa Verde,-,-,-,-,-,-,-,,,-,2018,J47,Bronquectasia
Cidade Ademar,-,-,1,-,-,-,-,,,1,2018,J47,Bronquectasia
Cidade Dutra,-,-,-,-,-,-,-,,,-,2018,J47,Bronquectasia
Cidade Líder,-,-,-,-,-,-,-,,,-,2018,J47,Bronquectasia
Cidade Tiradentes,-,-,-,-,-,-,-,,,-,2018,J47,Bronquectasia
Consolação,-,-,-,-,-,-,-,,,-,2018,J47,Bronquectasia
Cursino,-,-,-,-,-,-,-,,,-,2018,J47,Bronquectasia
Ermelino Matarazzo,-,-,-,-,-,-,-,,,-,2018,J47,Bronquectasia
Freguesia do Ó,-,-,-,-,-,-,-,,,-,2018,J47,Bronquectasia
Grajaú,-,-,-,-,-,1,-,,,1,2018,J47,Bronquectasia
Guaianases,-,-,-,-,-,-,-,,,-,2018,J47,Bronquectasia
Iguatemi,-,-,-,-,-,-,1,,,1,2018,J47,Bronquectasia
Ipiranga,-,-,-,-,-,-,-,,,-,2018,J47,Bronquectasia
Itaim Bibi,-,-,-,-,-,-,-,,,-,2018,J47,Bronquectasia
Itaim Paulista,-,-,-,-,-,-,-,,,-,2018,J47,Bronquectasia
Itaquera,-,-,-,-,-,-,-,,,-,2018,J47,Bronquectasia
Jabaquara,-,-,-,-,-,-,-,,,-,2018,J47,Bronquectasia
Jaçanã,-,-,-,-,-,1,-,,,1,2018,J47,Bronquectasia
Jaguara,-,-,-,-,-,-,-,,,-,2018,J47,Bronquectasia
Jaguaré,-,-,-,-,-,-,-,,,-,2018,J47,Bronquectasia
Jaraguá,-,-,-,-,1,-,-,,,1,2018,J47,Bronquectasia
Jardim Ângela,-,1,-,-,-,-,-,,,1,2018,J47,Bronquectasia
Jardim Helena,-,-,-,-,-,-,-,,,-,2018,J47,Bronquectasia
Jardim Paulista,-,-,-,-,-,-,-,,,-,2018,J47,Bronquectasia
Jardim São Luís,-,-,-,-,-,-,-,,,-,2018,J47,Bronquectasia
José Bonifácio,-,-,-,-,-,-,-,,,-,2018,J47,Bronquectasia
Lajeado,-,-,-,-,-,-,-,,,-,2018,J47,Bronquectasia
Lapa,-,-,-,-,-,-,-,,,-,2018,J47,Bronquectasia
Liberdade,-,-,-,1,-,-,-,,,1,2018,J47,Bronquectasia
Limão,-,-,-,-,-,-,-,,,-,2018,J47,Bronquectasia
Mandaqui,-,-,-,-,-,-,-,,,-,2018,J47,Bronquectasia
Marsilac,-,-,-,-,-,-,-,,,-,2018,J47,Bronquectasia
Moema,-,-,-,-,-,-,-,,,-,2018,J47,Bronquectasia
Moóca,-,-,-,-,-,-,-,,,-,2018,J47,Bronquectasia
Morumbi,-,-,-,-,-,-,-,,,-,2018,J47,Bronquectasia
Parelheiros,-,-,-,-,-,-,-,,,-,2018,J47,Bronquectasia
Pari,-,-,-,-,-,-,-,,,-,2018,J47,Bronquectasia
Parque do Carmo,-,-,-,-,-,-,-,,,-,2018,J47,Bronquectasia
Pedreira,-,-,-,-,-,-,-,,,-,2018,J47,Bronquectasia
Penha,-,-,-,-,-,-,-,,,-,2018,J47,Bronquectasia
Perdizes,-,-,-,-,-,-,1,,,1,2018,J47,Bronquectasia
Perus,-,-,-,-,-,-,-,,,-,2018,J47,Bronquectasia
Pinheiros,-,-,-,-,-,-,-,,,-,2018,J47,Bronquectasia
Pirituba,-,-,-,-,-,-,-,,,-,2018,J47,Bronquectasia
Ponte Rasa,-,-,-,-,-,-,-,,,-,2018,J47,Bronquectasia
Raposo Tavares,-,-,-,-,-,-,-,,,-,2018,J47,Bronquectasia
República,-,-,-,-,-,-,-,,,-,2018,J47,Bronquectasia
Rio Pequeno,-,-,-,-,-,-,-,,,-,2018,J47,Bronquectasia
Sacomã,-,-,-,-,-,-,-,,,-,2018,J47,Bronquectasia
Santa Cecília,-,-,-,-,-,-,1,,,1,2018,J47,Bronquectasia
Santana,-,-,-,-,-,-,-,,,-,2018,J47,Bronquectasia
Santo Amaro,-,-,-,-,-,-,-,,,-,2018,J47,Bronquectasia
São Domingos,-,-,-,-,-,-,1,,,1,2018,J47,Bronquectasia
São Lucas,-,-,-,-,-,-,-,,,-,2018,J47,Bronquectasia
São Mateus,-,-,-,-,-,-,-,,,-,2018,J47,Bronquectasia
São Miguel,-,-,-,-,-,-,-,,,-,2018,J47,Bronquectasia
São Rafael,-,-,-,-,-,-,-,,,-,2018,J47,Bronquectasia
Sapopemba,-,-,-,-,-,-,-,,,-,2018,J47,Bronquectasia
Saúde,-,-,-,-,-,-,1,,,1,2018,J47,Bronquectasia
Sé,-,-,-,-,1,-,-,,,1,2018,J47,Bronquectasia
Socorro,-,-,-,-,-,-,-,,,-,2018,J47,Bronquectasia
Tatuapé,-,-,-,-,-,-,-,,,-,2018,J47,Bronquectasia
Tremembé,-,-,-,-,1,-,-,,,1,2018,J47,Bronquectasia
Tucuruvi,-,-,-,-,-,-,-,,,-,2018,J47,Bronquectasia
Vila Andrade,-,-,-,-,-,-,-,,,-,2018,J47,Bronquectasia
Vila Curuçá,-,-,-,-,1,-,-,,,1,2018,J47,Bronquectasia
Vila Formosa,-,-,-,-,-,-,-,,,-,2018,J47,Bronquectasia
Vila Guilherme,-,-,-,-,-,-,-,,,-,2018,J47,Bronquectasia
Vila Jacuí,-,-,-,-,-,-,-,,,-,2018,J47,Bronquectasia
Vila Leopoldina,-,-,-,-,-,-,-,,,-,2018,J47,Bronquectasia
Vila Maria,-,-,-,-,-,-,-,,,-,2018,J47,Bronquectasia
Vila Mariana,-,-,-,-,-,-,-,,,-,2018,J47,Bronquectasia
Vila Matilde,-,-,-,-,-,-,-,,,-,2018,J47,Bronquectasia
Vila Medeiros,-,-,-,-,-,-,-,,,-,2018,J47,Bronquectasia
Vila Prudente,-,-,-,-,-,-,-,,,-,2018,J47,Bronquectasia
Vila Sônia,1,-,-,-,-,-,-,,,1,2018,J47,Bronquectasia
Desconhecido,-,-,-,-,-,-,-,,,-,2018,J47,Bronquectasia
Ignorado,-,-,-,-,-,-,-,,,-,2018,J47,Bronquectasia
Água Rasa,-,,-,-,-,-,-,,,-,2019,J47,Bronquectasia
Alto de Pinheiros,-,,-,-,-,-,-,,,-,2019,J47,Bronquectasia
Anhanguera,-,,-,-,-,-,-,,,-,2019,J47,Bronquectasia
Aricanduva,-,,-,-,-,-,-,,,-,2019,J47,Bronquectasia
Artur Alvim,-,,-,-,-,-,-,,,-,2019,J47,Bronquectasia
Barra Funda,-,,-,-,-,-,-,,,-,2019,J47,Bronquectasia
Bela Vista,-,,-,-,-,-,-,,,-,2019,J47,Bronquectasia
Belém,-,,-,-,-,-,-,,,-,2019,J47,Bronquectasia
Bom Retiro,-,,-,-,-,-,-,,,-,2019,J47,Bronquectasia
Brás,-,,-,-,-,-,-,,,-,2019,J47,Bronquectasia
Brasilândia,-,,-,-,-,-,-,,,-,2019,J47,Bronquectasia
Butantã,-,,-,-,-,-,-,,,-,2019,J47,Bronquectasia
Cachoeirinha,-,,-,-,-,-,-,,,-,2019,J47,Bronquectasia
Cambuci,-,,-,-,-,-,-,,,-,2019,J47,Bronquectasia
Campo Belo,-,,-,-,-,-,-,,,-,2019,J47,Bronquectasia
Campo Grande,-,,-,-,-,-,-,,,-,2019,J47,Bronquectasia
Campo Limpo,-,,-,-,-,-,-,,,-,2019,J47,Bronquectasia
Cangaíba,-,,-,-,1,-,-,,,1,2019,J47,Bronquectasia
Capão Redondo,-,,-,-,-,-,-,,,-,2019,J47,Bronquectasia
Carrão,-,,-,-,-,-,-,,,-,2019,J47,Bronquectasia
Casa Verde,-,,-,-,-,-,-,,,-,2019,J47,Bronquectasia
Cidade Ademar,-,,-,-,-,-,-,,,-,2019,J47,Bronquectasia
Cidade Dutra,-,,-,-,-,-,-,,,-,2019,J47,Bronquectasia
Cidade Líder,-,,-,-,-,-,-,,,-,2019,J47,Bronquectasia
Cidade Tiradentes,-,,1,-,-,-,-,,,1,2019,J47,Bronquectasia
Consolação,-,,-,-,-,-,-,,,-,2019,J47,Bronquectasia
Cursino,-,,-,-,-,-,-,,,-,2019,J47,Bronquectasia
Ermelino Matarazzo,-,,-,-,-,-,-,,,-,2019,J47,Bronquectasia
Freguesia do Ó,-,,-,-,-,1,1,,,2,2019,J47,Bronquectasia
Grajaú,-,,-,1,-,-,-,,,1,2019,J47,Bronquectasia
Guaianases,-,,-,-,-,-,-,,,-,2019,J47,Bronquectasia
Iguatemi,-,,-,-,-,-,-,,,-,2019,J47,Bronquectasia
Ipiranga,-,,-,-,-,-,-,,,-,2019,J47,Bronquectasia
Itaim Bibi,-,,-,-,-,-,-,,,-,2019,J47,Bronquectasia
Itaim Paulista,-,,-,-,-,-,-,,,-,2019,J47,Bronquectasia
Itaquera,-,,-,-,1,-,-,,,1,2019,J47,Bronquectasia
Jabaquara,-,,-,-,-,-,1,,,1,2019,J47,Bronquectasia
Jaçanã,-,,-,-,-,-,-,,,-,2019,J47,Bronquectasia
Jaguara,-,,-,-,-,-,-,,,-,2019,J47,Bronquectasia
Jaguaré,-,,-,-,-,-,-,,,-,2019,J47,Bronquectasia
Jaraguá,-,,-,-,-,-,-,,,-,2019,J47,Bronquectasia
Jardim Ângela,-,,-,-,-,-,-,,,-,2019,J47,Bronquectasia
Jardim Helena,-,,-,-,-,-,-,,,-,2019,J47,Bronquectasia
Jardim Paulista,-,,-,-,-,-,-,,,-,2019,J47,Bronquectasia
Jardim São Luís,-,,-,-,-,-,-,,,-,2019,J47,Bronquectasia
José Bonifácio,-,,-,-,-,-,-,,,-,2019,J47,Bronquectasia
Lajeado,-,,-,-,-,-,-,,,-,2019,J47,Bronquectasia
Lapa,-,,-,-,-,-,-,,,-,2019,J47,Bronquectasia
Liberdade,-,,-,-,-,-,2,,,2,2019,J47,Bronquectasia
Limão,-,,-,-,-,-,-,,,-,2019,J47,Bronquectasia
Mandaqui,-,,-,-,-,-,-,,,-,2019,J47,Bronquectasia
Marsilac,-,,-,-,-,-,-,,,-,2019,J47,Bronquectasia
Moema,-,,-,-,-,-,-,,,-,2019,J47,Bronquectasia
Moóca,-,,-,-,-,-,1,,,1,2019,J47,Bronquectasia
Morumbi,-,,-,-,-,-,-,,,-,2019,J47,Bronquectasia
Parelheiros,-,,-,-,-,-,-,,,-,2019,J47,Bronquectasia
Pari,-,,-,-,-,-,-,,,-,2019,J47,Bronquectasia
Parque do Carmo,-,,-,-,-,-,-,,,-,2019,J47,Bronquectasia
Pedreira,-,,-,-,-,-,-,,,-,2019,J47,Bronquectasia
Penha,-,,-,-,-,-,-,,,-,2019,J47,Bronquectasia
Perdizes,-,,-,-,-,-,-,,,-,2019,J47,Bronquectasia
Perus,-,,-,-,-,-,-,,,-,2019,J47,Bronquectasia
Pinheiros,-,,-,-,-,-,-,,,-,2019,J47,Bronquectasia
Pirituba,1,,-,-,-,-,-,,,1,2019,J47,Bronquectasia
Ponte Rasa,-,,-,-,-,1,1,,,2,2019,J47,Bronquectasia
Raposo Tavares,-,,-,-,-,-,-,,,-,2019,J47,Bronquectasia
República,-,,-,-,-,-,-,,,-,2019,J47,Bronquectasia
Rio Pequeno,-,,-,-,-,-,-,,,-,2019,J47,Bronquectasia
Sacomã,-,,1,-,1,-,-,,,2,2019,J47,Bronquectasia
Santa Cecília,-,,-,-,-,-,-,,,-,2019,J47,Bronquectasia
Santana,-,,-,-,-,-,-,,,-,2019,J47,Bronquectasia
Santo Amaro,-,,-,-,-,-,-,,,-,2019,J47,Bronquectasia
São Domingos,-,,-,-,-,-,-,,,-,2019,J47,Bronquectasia
São Lucas,-,,-,-,-,-,-,,,-,2019,J47,Bronquectasia
São Mateus,-,,1,-,-,-,-,,,1,2019,J47,Bronquectasia
São Miguel,-,,-,-,-,-,-,,,-,2019,J47,Bronquectasia
São Rafael,-,,-,-,-,-,-,,,-,2019,J47,Bronquectasia
Sapopemba,-,,-,-,-,-,-,,,-,2019,J47,Bronquectasia
Saúde,-,,-,-,-,-,1,,,1,2019,J47,Bronquectasia
Sé,-,,-,-,-,-,-,,,-,2019,J47,Bronquectasia
Socorro,-,,-,-,-,-,-,,,-,2019,J47,Bronquectasia
Tatuapé,-,,-,-,-,-,-,,,-,2019,J47,Bronquectasia
Tremembé,-,,-,-,-,-,-,,,-,2019,J47,Bronquectasia
Tucuruvi,-,,-,-,-,-,-,,,-,2019,J47,Bronquectasia
Vila Andrade,-,,-,-,-,-,-,,,-,2019,J47,Bronquectasia
Vila Curuçá,-,,-,-,-,-,-,,,-,2019,J47,Bronquectasia
Vila Formosa,-,,-,-,-,-,-,,,-,2019,J47,Bronquectasia
Vila Guilherme,-,,-,-,-,-,-,,,-,2019,J47,Bronquectasia
Vila Jacuí,-,,-,-,-,-,-,,,-,2019,J47,Bronquectasia
Vila Leopoldina,-,,-,-,-,-,-,,,-,2019,J47,Bronquectasia
Vila Maria,-,,-,-,-,-,-,,,-,2019,J47,Bronquectasia
Vila Mariana,-,,-,-,-,-,1,,,1,2019,J47,Bronquectasia
Vila Matilde,-,,-,-,-,-,-,,,-,2019,J47,Bronquectasia
Vila Medeiros,-,,-,-,-,-,2,,,2,2019,J47,Bronquectasia
Vila Prudente,-,,-,-,-,-,-,,,-,2019,J47,Bronquectasia
Vila Sônia,-,,-,-,-,-,-,,,-,2019,J47,Bronquectasia
Desconhecido,-,,-,-,-,-,-,,,-,2019,J47,Bronquectasia
Ignorado,-,,-,-,-,-,-,,,-,2019,J47,Bronquectasia
Água Rasa,,-,,,,-,-,,,-,2020,J47,Bronquectasia
Alto de Pinheiros,,-,,,,-,-,,,-,2020,J47,Bronquectasia
Anhanguera,,-,,,,-,-,,,-,2020,J47,Bronquectasia
Aricanduva,,-,,,,-,-,,,-,2020,J47,Bronquectasia
Artur Alvim,,-,,,,-,-,,,-,2020,J47,Bronquectasia
Barra Funda,,-,,,,-,-,,,-,2020,J47,Bronquectasia
Bela Vista,,-,,,,-,-,,,-,2020,J47,Bronquectasia
Belém,,-,,,,-,-,,,-,2020,J47,Bronquectasia
Bom Retiro,,-,,,,-,-,,,-,2020,J47,Bronquectasia
Brás,,-,,,,-,-,,,-,2020,J47,Bronquectasia
Brasilândia,,-,,,,-,-,,,-,2020,J47,Bronquectasia
Butantã,,-,,,,-,-,,,-,2020,J47,Bronquectasia
Cachoeirinha,,-,,,,-,-,,,-,2020,J47,Bronquectasia
Cambuci,,-,,,,-,-,,,-,2020,J47,Bronquectasia
Campo Belo,,-,,,,-,-,,,-,2020,J47,Bronquectasia
Campo Grande,,-,,,,-,-,,,-,2020,J47,Bronquectasia
Campo Limpo,,-,,,,-,-,,,-,2020,J47,Bronquectasia
Cangaíba,,-,,,,-,-,,,-,2020,J47,Bronquectasia
Capão Redondo,,-,,,,-,-,,,-,2020,J47,Bronquectasia
Carrão,,-,,,,-,-,,,-,2020,J47,Bronquectasia
Casa Verde,,-,,,,-,-,,,-,2020,J47,Bronquectasia
Cidade Ademar,,-,,,,-,-,,,-,2020,J47,Bronquectasia
Cidade Dutra,,-,,,,-,-,,,-,2020,J47,Bronquectasia
Cidade Líder,,-,,,,-,-,,,-,2020,J47,Bronquectasia
Cidade Tiradentes,,-,,,,-,-,,,-,2020,J47,Bronquectasia
Consolação,,-,,,,-,-,,,-,2020,J47,Bronquectasia
Cursino,,-,,,,-,-,,,-,2020,J47,Bronquectasia
Ermelino Matarazzo,,-,,,,-,-,,,-,2020,J47,Bronquectasia
Freguesia do Ó,,-,,,,-,-,,,-,2020,J47,Bronquectasia
Grajaú,,-,,,,-,-,,,-,2020,J47,Bronquectasia
Guaianases,,-,,,,-,-,,,-,2020,J47,Bronquectasia
Iguatemi,,-,,,,-,-,,,-,2020,J47,Bronquectasia
Ipiranga,,-,,,,-,-,,,-,2020,J47,Bronquectasia
Itaim Bibi,,-,,,,-,-,,,-,2020,J47,Bronquectasia
Itaim Paulista,,-,,,,-,-,,,-,2020,J47,Bronquectasia
Itaquera,,1,,,,-,-,,,1,2020,J47,Bronquectasia
Jabaquara,,-,,,,-,-,,,-,2020,J47,Bronquectasia
Jaçanã,,-,,,,-,-,,,-,2020,J47,Bronquectasia
Jaguara,,-,,,,-,-,,,-,2020,J47,Bronquectasia
Jaguaré,,-,,,,-,-,,,-,2020,J47,Bronquectasia
Jaraguá,,-,,,,-,-,,,-,2020,J47,Bronquectasia
Jardim Ângela,,-,,,,-,-,,,-,2020,J47,Bronquectasia
Jardim Helena,,-,,,,-,-,,,-,2020,J47,Bronquectasia
Jardim Paulista,,-,,,,-,-,,,-,2020,J47,Bronquectasia
Jardim São Luís,,-,,,,-,1,,,1,2020,J47,Bronquectasia
José Bonifácio,,-,,,,-,-,,,-,2020,J47,Bronquectasia
Lajeado,,-,,,,-,-,,,-,2020,J47,Bronquectasia
Lapa,,-,,,,-,-,,,-,2020,J47,Bronquectasia
Liberdade,,-,,,,-,-,,,-,2020,J47,Bronquectasia
Limão,,-,,,,-,-,,,-,2020,J47,Bronquectasia
Mandaqui,,-,,,,-,-,,,-,2020,J47,Bronquectasia
Marsilac,,-,,,,-,-,,,-,2020,J47,Bronquectasia
Moema,,-,,,,-,-,,,-,2020,J47,Bronquectasia
Moóca,,-,,,,-,-,,,-,2020,J47,Bronquectasia
Morumbi,,-,,,,-,-,,,-,2020,J47,Bronquectasia
Parelheiros,,-,,,,-,-,,,-,2020,J47,Bronquectasia
Pari,,-,,,,-,-,,,-,2020,J47,Bronquectasia
Parque do Carmo,,-,,,,-,-,,,-,2020,J47,Bronquectasia
Pedreira,,-,,,,-,-,,,-,2020,J47,Bronquectasia
Penha,,-,,,,-,-,,,-,2020,J47,Bronquectasia
Perdizes,,-,,,,-,-,,,-,2020,J47,Bronquectasia
Perus,,-,,,,-,-,,,-,2020,J47,Bronquectasia
Pinheiros,,-,,,,-,-,,,-,2020,J47,Bronquectasia
Pirituba,,-,,,,-,-,,,-,2020,J47,Bronquectasia
Ponte Rasa,,-,,,,-,-,,,-,2020,J47,Bronquectasia
Raposo Tavares,,-,,,,-,-,,,-,2020,J47,Bronquectasia
República,,-,,,,-,-,,,-,2020,J47,Bronquectasia
Rio Pequeno,,-,,,,-,-,,,-,2020,J47,Bronquectasia
Sacomã,,-,,,,-,-,,,-,2020,J47,Bronquectasia
Santa Cecília,,-,,,,-,-,,,-,2020,J47,Bronquectasia
Santana,,-,,,,-,-,,,-,2020,J47,Bronquectasia
Santo Amaro,,-,,,,-,-,,,-,2020,J47,Bronquectasia
São Domingos,,-,,,,-,-,,,-,2020,J47,Bronquectasia
São Lucas,,-,,,,-,-,,,-,2020,J47,Bronquectasia
São Mateus,,-,,,,-,-,,,-,2020,J47,Bronquectasia
São Miguel,,-,,,,-,-,,,-,2020,J47,Bronquectasia
São Rafael,,-,,,,-,-,,,-,2020,J47,Bronquectasia
Sapopemba,,-,,,,-,-,,,-,2020,J47,Bronquectasia
Saúde,,-,,,,-,-,,,-,2020,J47,Bronquectasia
Sé,,-,,,,-,-,,,-,2020,J47,Bronquectasia
Socorro,,-,,,,-,-,,,-,2020,J47,Bronquectasia
Tatuapé,,-,,,,-,-,,,-,2020,J47,Bronquectasia
Tremembé,,-,,,,1,-,,,1,2020,J47,Bronquectasia
Tucuruvi,,-,,,,-,-,,,-,2020,J47,Bronquectasia
Vila Andrade,,-,,,,-,-,,,-,2020,J47,Bronquectasia
Vila Curuçá,,-,,,,-,-,,,-,2020,J47,Bronquectasia
Vila Formosa,,-,,,,-,-,,,-,2020,J47,Bronquectasia
Vila Guilherme,,-,,,,-,-,,,-,2020,J47,Bronquectasia
Vila Jacuí,,1,,,,-,-,,,1,2020,J47,Bronquectasia
Vila Leopoldina,,-,,,,-,1,,,1,2020,J47,Bronquectasia
Vila Maria,,-,,,,-,1,,,1,2020,J47,Bronquectasia
Vila Mariana,,-,,,,-,-,,,-,2020,J47,Bronquectasia
Vila Matilde,,-,,,,-,-,,,-,2020,J47,Bronquectasia
Vila Medeiros,,-,,,,-,-,,,-,2020,J47,Bronquectasia
Vila Prudente,,-,,,,-,-,,,-,2020,J47,Bronquectasia
Vila Sônia,,-,,,,-,-,,,-,2020,J47,Bronquectasia
Desconhecido,,-,,,,-,-,,,-,2020,J47,Bronquectasia
Ignorado,,-,,,,-,-,,,-,2020,J47,Bronquectasia
Água Rasa,,-,,,-,,-,,,-,2021,J47,Bronquectasia
Alto de Pinheiros,,-,,,-,,1,,,1,2021,J47,Bronquectasia
Anhanguera,,-,,,-,,-,,,-,2021,J47,Bronquectasia
Aricanduva,,-,,,-,,-,,,-,2021,J47,Bronquectasia
Artur Alvim,,-,,,-,,-,,,-,2021,J47,Bronquectasia
Barra Funda,,-,,,-,,-,,,-,2021,J47,Bronquectasia
Bela Vista,,-,,,-,,-,,,-,2021,J47,Bronquectasia
Belém,,-,,,-,,-,,,-,2021,J47,Bronquectasia
Bom Retiro,,-,,,-,,-,,,-,2021,J47,Bronquectasia
Brás,,-,,,-,,-,,,-,2021,J47,Bronquectasia
Brasilândia,,-,,,-,,-,,,-,2021,J47,Bronquectasia
Butantã,,-,,,-,,-,,,-,2021,J47,Bronquectasia
Cachoeirinha,,-,,,-,,-,,,-,2021,J47,Bronquectasia
Cambuci,,-,,,-,,-,,,-,2021,J47,Bronquectasia
Campo Belo,,-,,,-,,-,,,-,2021,J47,Bronquectasia
Campo Grande,,-,,,-,,-,,,-,2021,J47,Bronquectasia
Campo Limpo,,-,,,-,,-,,,-,2021,J47,Bronquectasia
Cangaíba,,-,,,-,,-,,,-,2021,J47,Bronquectasia
Capão Redondo,,-,,,-,,-,,,-,2021,J47,Bronquectasia
Carrão,,-,,,-,,-,,,-,2021,J47,Bronquectasia
Casa Verde,,-,,,-,,-,,,-,2021,J47,Bronquectasia
Cidade Ademar,,-,,,-,,-,,,-,2021,J47,Bronquectasia
Cidade Dutra,,-,,,-,,-,,,-,2021,J47,Bronquectasia
Cidade Líder,,-,,,-,,-,,,-,2021,J47,Bronquectasia
Cidade Tiradentes,,-,,,-,,-,,,-,2021,J47,Bronquectasia
Consolação,,-,,,-,,-,,,-,2021,J47,Bronquectasia
Cursino,,-,,,-,,-,,,-,2021,J47,Bronquectasia
Ermelino Matarazzo,,-,,,-,,-,,,-,2021,J47,Bronquectasia
Freguesia do Ó,,-,,,-,,-,,,-,2021,J47,Bronquectasia
Grajaú,,-,,,-,,-,,,-,2021,J47,Bronquectasia
Guaianases,,-,,,-,,-,,,-,2021,J47,Bronquectasia
Iguatemi,,-,,,-,,-,,,-,2021,J47,Bronquectasia
Ipiranga,,-,,,-,,-,,,-,2021,J47,Bronquectasia
Itaim Bibi,,-,,,-,,-,,,-,2021,J47,Bronquectasia
Itaim Paulista,,-,,,-,,-,,,-,2021,J47,Bronquectasia
Itaquera,,-,,,-,,-,,,-,2021,J47,Bronquectasia
Jabaquara,,-,,,-,,-,,,-,2021,J47,Bronquectasia
Jaçanã,,-,,,-,,-,,,-,2021,J47,Bronquectasia
Jaguara,,-,,,-,,-,,,-,2021,J47,Bronquectasia
Jaguaré,,-,,,-,,-,,,-,2021,J47,Bronquectasia
Jaraguá,,-,,,-,,-,,,-,2021,J47,Bronquectasia
Jardim Ângela,,-,,,-,,-,,,-,2021,J47,Bronquectasia
Jardim Helena,,-,,,-,,-,,,-,2021,J47,Bronquectasia
Jardim Paulista,,-,,,-,,-,,,-,2021,J47,Bronquectasia
Jardim São Luís,,-,,,-,,-,,,-,2021,J47,Bronquectasia
José Bonifácio,,-,,,-,,-,,,-,2021,J47,Bronquectasia
Lajeado,,-,,,-,,-,,,-,2021,J47,Bronquectasia
Lapa,,-,,,-,,-,,,-,2021,J47,Bronquectasia
Liberdade,,-,,,-,,-,,,-,2021,J47,Bronquectasia
Limão,,-,,,-,,-,,,-,2021,J47,Bronquectasia
Mandaqui,,-,,,-,,-,,,-,2021,J47,Bronquectasia
Marsilac,,-,,,-,,-,,,-,2021,J47,Bronquectasia
Moema,,-,,,-,,-,,,-,2021,J47,Bronquectasia
Moóca,,-,,,-,,-,,,-,2021,J47,Bronquectasia
Morumbi,,-,,,-,,-,,,-,2021,J47,Bronquectasia
Parelheiros,,-,,,-,,-,,,-,2021,J47,Bronquectasia
Pari,,-,,,-,,-,,,-,2021,J47,Bronquectasia
Parque do Carmo,,-,,,1,,-,,,1,2021,J47,Bronquectasia
Pedreira,,-,,,-,,-,,,-,2021,J47,Bronquectasia
Penha,,-,,,-,,-,,,-,2021,J47,Bronquectasia
Perdizes,,-,,,-,,-,,,-,2021,J47,Bronquectasia
Perus,,-,,,-,,-,,,-,2021,J47,Bronquectasia
Pinheiros,,-,,,-,,-,,,-,2021,J47,Bronquectasia
Pirituba,,-,,,-,,-,,,-,2021,J47,Bronquectasia
Ponte Rasa,,-,,,-,,-,,,-,2021,J47,Bronquectasia
Raposo Tavares,,-,,,-,,-,,,-,2021,J47,Bronquectasia
República,,-,,,-,,-,,,-,2021,J47,Bronquectasia
Rio Pequeno,,-,,,-,,-,,,-,2021,J47,Bronquectasia
Sacomã,,-,,,-,,-,,,-,2021,J47,Bronquectasia
Santa Cecília,,-,,,-,,-,,,-,2021,J47,Bronquectasia
Santana,,-,,,-,,-,,,-,2021,J47,Bronquectasia
Santo Amaro,,-,,,-,,-,,,-,2021,J47,Bronquectasia
São Domingos,,-,,,-,,-,,,-,2021,J47,Bronquectasia
São Lucas,,-,,,-,,-,,,-,2021,J47,Bronquectasia
São Mateus,,-,,,-,,-,,,-,2021,J47,Bronquectasia
São Miguel,,-,,,-,,-,,,-,2021,J47,Bronquectasia
São Rafael,,-,,,-,,-,,,-,2021,J47,Bronquectasia
Sapopemba,,-,,,-,,-,,,-,2021,J47,Bronquectasia
Saúde,,-,,,-,,-,,,-,2021,J47,Bronquectasia
Sé,,-,,,-,,-,,,-,2021,J47,Bronquectasia
Socorro,,-,,,-,,-,,,-,2021,J47,Bronquectasia
Tatuapé,,-,,,-,,-,,,-,2021,J47,Bronquectasia
Tremembé,,-,,,-,,-,,,-,2021,J47,Bronquectasia
Tucuruvi,,-,,,-,,-,,,-,2021,J47,Bronquectasia
Vila Andrade,,-,,,-,,-,,,-,2021,J47,Bronquectasia
Vila Curuçá,,-,,,-,,-,,,-,2021,J47,Bronquectasia
Vila Formosa,,-,,,-,,-,,,-,2021,J47,Bronquectasia
Vila Guilherme,,-,,,-,,-,,,-,2021,J47,Bronquectasia
Vila Jacuí,,1,,,-,,-,,,1,2021,J47,Bronquectasia
Vila Leopoldina,,-,,,-,,-,,,-,2021,J47,Bronquectasia
Vila Maria,,-,,,-,,-,,,-,2021,J47,Bronquectasia
Vila Mariana,,-,,,-,,1,,,1,2021,J47,Bronquectasia
Vila Matilde,,-,,,-,,-,,,-,2021,J47,Bronquectasia
Vila Medeiros,,-,,,-,,-,,,-,2021,J47,Bronquectasia
Vila Prudente,,-,,,-,,-,,,-,2021,J47,Bronquectasia
Vila Sônia,,-,,,-,,-,,,-,2021,J47,Bronquectasia
Desconhecido,,-,,,-,,-,,,-,2021,J47,Bronquectasia
Ignorado,,-,,,-,,-,,,-,2021,J47,Bronquectasia
Água Rasa,-,-,-,-,-,,1,,,1,2022,J47,Bronquectasia
Alto de Pinheiros,-,-,-,-,-,,-,,,-,2022,J47,Bronquectasia
Anhanguera,-,-,-,-,-,,-,,,-,2022,J47,Bronquectasia
Aricanduva,-,-,-,-,-,,-,,,-,2022,J47,Bronquectasia
Artur Alvim,-,-,-,-,-,,-,,,-,2022,J47,Bronquectasia
Barra Funda,-,-,-,-,-,,-,,,-,2022,J47,Bronquectasia
Bela Vista,-,-,-,-,-,,1,,,1,2022,J47,Bronquectasia
Belém,-,-,-,-,-,,-,,,-,2022,J47,Bronquectasia
Bom Retiro,-,-,-,-,-,,-,,,-,2022,J47,Bronquectasia
Brás,-,-,-,-,-,,-,,,-,2022,J47,Bronquectasia
Brasilândia,-,-,-,-,-,,-,,,-,2022,J47,Bronquectasia
Butantã,-,-,-,-,-,,-,,,-,2022,J47,Bronquectasia
Cachoeirinha,-,-,-,-,-,,-,,,-,2022,J47,Bronquectasia
Cambuci,-,-,-,-,-,,-,,,-,2022,J47,Bronquectasia
Campo Belo,-,-,-,-,-,,-,,,-,2022,J47,Bronquectasia
Campo Grande,-,-,-,-,-,,-,,,-,2022,J47,Bronquectasia
Campo Limpo,-,-,-,-,-,,-,,,-,2022,J47,Bronquectasia
Cangaíba,-,-,-,-,-,,1,,,1,2022,J47,Bronquectasia
Capão Redondo,-,-,-,-,-,,-,,,-,2022,J47,Bronquectasia
Carrão,-,-,-,-,-,,-,,,-,2022,J47,Bronquectasia
Casa Verde,-,-,-,-,-,,-,,,-,2022,J47,Bronquectasia
Cidade Ademar,-,-,-,-,-,,-,,,-,2022,J47,Bronquectasia
Cidade Dutra,-,-,-,-,-,,-,,,-,2022,J47,Bronquectasia
Cidade Líder,-,-,-,-,-,,-,,,-,2022,J47,Bronquectasia
Cidade Tiradentes,-,-,-,-,-,,-,,,-,2022,J47,Bronquectasia
Consolação,-,-,-,-,-,,-,,,-,2022,J47,Bronquectasia
Cursino,-,-,-,-,-,,-,,,-,2022,J47,Bronquectasia
Ermelino Matarazzo,-,-,-,-,-,,-,,,-,2022,J47,Bronquectasia
Freguesia do Ó,-,-,-,-,-,,-,,,-,2022,J47,Bronquectasia
Grajaú,-,-,-,-,1,,-,,,1,2022,J47,Bronquectasia
Guaianases,-,-,-,-,-,,-,,,-,2022,J47,Bronquectasia
Iguatemi,-,-,-,-,-,,-,,,-,2022,J47,Bronquectasia
Ipiranga,-,-,-,-,-,,-,,,-,2022,J47,Bronquectasia
Itaim Bibi,-,-,-,-,-,,-,,,-,2022,J47,Bronquectasia
Itaim Paulista,-,-,-,-,-,,-,,,-,2022,J47,Bronquectasia
Itaquera,-,-,-,-,-,,-,,,-,2022,J47,Bronquectasia
Jabaquara,1,-,-,-,-,,-,,,1,2022,J47,Bronquectasia
Jaçanã,-,-,-,-,-,,-,,,-,2022,J47,Bronquectasia
Jaguara,-,-,-,-,-,,-,,,-,2022,J47,Bronquectasia
Jaguaré,-,-,-,-,-,,1,,,1,2022,J47,Bronquectasia
Jaraguá,-,-,-,-,-,,-,,,-,2022,J47,Bronquectasia
Jardim Ângela,-,-,-,-,-,,-,,,-,2022,J47,Bronquectasia
Jardim Helena,-,-,-,-,-,,-,,,-,2022,J47,Bronquectasia
Jardim Paulista,-,-,-,-,-,,-,,,-,2022,J47,Bronquectasia
Jardim São Luís,-,-,-,-,-,,-,,,-,2022,J47,Bronquectasia
José Bonifácio,-,-,-,-,-,,-,,,-,2022,J47,Bronquectasia
Lajeado,-,-,-,-,-,,-,,,-,2022,J47,Bronquectasia
Lapa,-,-,-,-,-,,-,,,-,2022,J47,Bronquectasia
Liberdade,-,-,-,-,-,,1,,,1,2022,J47,Bronquectasia
Limão,-,-,-,-,-,,-,,,-,2022,J47,Bronquectasia
Mandaqui,-,-,-,-,-,,-,,,-,2022,J47,Bronquectasia
Marsilac,-,-,-,-,-,,-,,,-,2022,J47,Bronquectasia
Moema,-,-,-,-,-,,-,,,-,2022,J47,Bronquectasia
Moóca,-,-,-,-,-,,-,,,-,2022,J47,Bronquectasia
Morumbi,-,-,-,-,-,,-,,,-,2022,J47,Bronquectasia
Parelheiros,-,-,-,-,-,,-,,,-,2022,J47,Bronquectasia
Pari,-,-,-,-,-,,-,,,-,2022,J47,Bronquectasia
Parque do Carmo,-,-,-,-,-,,-,,,-,2022,J47,Bronquectasia
Pedreira,-,-,-,-,1,,-,,,1,2022,J47,Bronquectasia
Penha,-,-,-,-,-,,-,,,-,2022,J47,Bronquectasia
Perdizes,-,-,-,-,-,,-,,,-,2022,J47,Bronquectasia
Perus,-,-,-,-,-,,-,,,-,2022,J47,Bronquectasia
Pinheiros,-,-,-,-,-,,1,,,1,2022,J47,Bronquectasia
Pirituba,-,-,-,-,-,,-,,,-,2022,J47,Bronquectasia
Ponte Rasa,-,-,-,-,-,,-,,,-,2022,J47,Bronquectasia
Raposo Tavares,-,1,-,-,-,,-,,,1,2022,J47,Bronquectasia
República,-,-,-,-,-,,-,,,-,2022,J47,Bronquectasia
Rio Pequeno,-,-,-,-,-,,-,,,-,2022,J47,Bronquectasia
Sacomã,-,-,-,-,-,,-,,,-,2022,J47,Bronquectasia
Santa Cecília,-,-,-,-,-,,-,,,-,2022,J47,Bronquectasia
Santana,-,-,-,-,-,,1,,,1,2022,J47,Bronquectasia
Santo Amaro,-,-,-,-,-,,-,,,-,2022,J47,Bronquectasia
São Domingos,-,-,-,-,-,,-,,,-,2022,J47,Bronquectasia
São Lucas,-,-,-,-,-,,-,,,-,2022,J47,Bronquectasia
São Mateus,-,-,-,-,-,,-,,,-,2022,J47,Bronquectasia
São Miguel,-,-,-,-,-,,-,,,-,2022,J47,Bronquectasia
São Rafael,-,-,1,-,-,,-,,,1,2022,J47,Bronquectasia
Sapopemba,-,-,-,-,-,,-,,,-,2022,J47,Bronquectasia
Saúde,-,-,-,-,-,,-,,,-,2022,J47,Bronquectasia
Sé,-,-,-,-,-,,-,,,-,2022,J47,Bronquectasia
Socorro,-,-,-,-,-,,-,,,-,2022,J47,Bronquectasia
Tatuapé,-,-,-,-,-,,-,,,-,2022,J47,Bronquectasia
Tremembé,-,-,-,-,-,,-,,,-,2022,J47,Bronquectasia
Tucuruvi,-,-,-,-,-,,-,,,-,2022,J47,Bronquectasia
Vila Andrade,-,-,-,-,-,,-,,,-,2022,J47,Bronquectasia
Vila Curuçá,-,-,-,-,-,,-,,,-,2022,J47,Bronquectasia
Vila Formosa,-,-,-,-,-,,-,,,-,2022,J47,Bronquectasia
Vila Guilherme,-,-,-,-,-,,-,,,-,2022,J47,Bronquectasia
Vila Jacuí,-,-,-,-,-,,-,,,-,2022,J47,Bronquectasia
Vila Leopoldina,-,-,-,-,-,,-,,,-,2022,J47,Bronquectasia
Vila Maria,-,-,1,1,-,,-,,,2,2022,J47,Bronquectasia
Vila Mariana,-,-,-,-,-,,-,,,-,2022,J47,Bronquectasia
Vila Matilde,-,-,-,-,-,,-,,,-,2022,J47,Bronquectasia
Vila Medeiros,-,-,-,-,-,,-,,,-,2022,J47,Bronquectasia
Vila Prudente,-,-,-,-,-,,-,,,-,2022,J47,Bronquectasia
Vila Sônia,-,-,-,-,-,,-,,,-,2022,J47,Bronquectasia
Desconhecido,-,-,-,-,-,,-,,,-,2022,J47,Bronquectasia
Ignorado,-,-,-,-,-,,1,,,1,2022,J47,Bronquectasia
Água Rasa,,-,-,-,-,1,-,-,,1,2023,J47,Bronquectasia
Alto de Pinheiros,,-,-,-,-,-,-,-,,-,2023,J47,Bronquectasia
Anhanguera,,-,-,-,-,-,-,-,,-,2023,J47,Bronquectasia
Aricanduva,,-,-,-,-,-,-,-,,-,2023,J47,Bronquectasia
Artur Alvim,,-,-,-,-,-,-,-,,-,2023,J47,Bronquectasia
Barra Funda,,-,-,-,-,-,-,-,,-,2023,J47,Bronquectasia
Bela Vista,,-,-,-,-,-,-,-,,-,2023,J47,Bronquectasia
Belém,,-,-,-,-,-,-,-,,-,2023,J47,Bronquectasia
Bom Retiro,,-,-,-,-,-,-,-,,-,2023,J47,Bronquectasia
Brás,,-,-,-,-,-,-,-,,-,2023,J47,Bronquectasia
Brasilândia,,-,-,-,1,-,-,-,,1,2023,J47,Bronquectasia
Butantã,,-,-,-,-,-,-,-,,-,2023,J47,Bronquectasia
Cachoeirinha,,-,-,-,-,-,-,-,,-,2023,J47,Bronquectasia
Cambuci,,-,1,-,-,-,-,-,,1,2023,J47,Bronquectasia
Campo Belo,,-,-,-,-,-,-,-,,-,2023,J47,Bronquectasia
Campo Grande,,-,-,-,-,-,-,-,,-,2023,J47,Bronquectasia
Campo Limpo,,-,-,-,-,-,-,-,,-,2023,J47,Bronquectasia
Cangaíba,,-,-,-,-,-,-,-,,-,2023,J47,Bronquectasia
Capão Redondo,,-,-,-,-,-,-,-,,-,2023,J47,Bronquectasia
Carrão,,-,-,-,-,-,-,-,,-,2023,J47,Bronquectasia
Casa Verde,,-,-,-,-,-,-,-,,-,2023,J47,Bronquectasia
Cidade Ademar,,-,-,-,-,-,-,-,,-,2023,J47,Bronquectasia
Cidade Dutra,,-,-,-,-,-,-,-,,-,2023,J47,Bronquectasia
Cidade Líder,,-,-,-,-,-,-,-,,-,2023,J47,Bronquectasia
Cidade Tiradentes,,-,-,-,-,-,-,-,,-,2023,J47,Bronquectasia
Consolação,,-,-,-,-,-,-,-,,-,2023,J47,Bronquectasia
Cursino,,-,-,1,-,-,-,-,,1,2023,J47,Bronquectasia
Ermelino Matarazzo,,-,-,-,-,-,-,-,,-,2023,J47,Bronquectasia
Freguesia do Ó,,-,-,-,-,-,-,-,,-,2023,J47,Bronquectasia
Grajaú,,-,-,-,-,-,-,-,,-,2023,J47,Bronquectasia
Guaianases,,-,-,-,-,-,-,-,,-,2023,J47,Bronquectasia
Iguatemi,,-,-,-,-,-,-,-,,-,2023,J47,Bronquectasia
Ipiranga,,-,-,-,-,-,-,-,,-,2023,J47,Bronquectasia
Itaim Bibi,,-,-,-,-,-,-,-,,-,2023,J47,Bronquectasia
Itaim Paulista,,-,-,-,-,-,-,-,,-,2023,J47,Bronquectasia
Itaquera,,-,-,-,-,-,-,-,,-,2023,J47,Bronquectasia
Jabaquara,,-,-,-,-,-,-,-,,-,2023,J47,Bronquectasia
Jaçanã,,-,-,-,-,-,-,-,,-,2023,J47,Bronquectasia
Jaguara,,-,-,-,-,-,-,-,,-,2023,J47,Bronquectasia
Jaguaré,,-,-,-,-,-,-,-,,-,2023,J47,Bronquectasia
Jaraguá,,-,1,-,-,-,-,-,,1,2023,J47,Bronquectasia
Jardim Ângela,,-,-,-,-,-,-,-,,-,2023,J47,Bronquectasia
Jardim Helena,,-,-,-,-,-,-,-,,-,2023,J47,Bronquectasia
Jardim Paulista,,-,-,-,-,-,1,-,,1,2023,J47,Bronquectasia
Jardim São Luís,,-,-,-,-,-,-,-,,-,2023,J47,Bronquectasia
José Bonifácio,,-,-,-,-,-,-,-,,-,2023,J47,Bronquectasia
Lajeado,,-,-,-,-,-,-,-,,-,2023,J47,Bronquectasia
Lapa,,-,-,-,-,-,1,-,,1,2023,J47,Bronquectasia
Liberdade,,-,-,-,-,-,-,-,,-,2023,J47,Bronquectasia
Limão,,-,-,-,-,-,-,-,,-,2023,J47,Bronquectasia
Mandaqui,,-,-,-,-,-,-,-,,-,2023,J47,Bronquectasia
Marsilac,,-,-,-,-,-,-,-,,-,2023,J47,Bronquectasia
Moema,,-,-,-,-,-,1,-,,1,2023,J47,Bronquectasia
Moóca,,-,-,-,-,-,-,-,,-,2023,J47,Bronquectasia
Morumbi,,-,-,-,-,-,-,-,,-,2023,J47,Bronquectasia
Parelheiros,,-,-,-,-,-,-,-,,-,2023,J47,Bronquectasia
Pari,,-,-,-,-,-,-,-,,-,2023,J47,Bronquectasia
Parque do Carmo,,-,-,-,-,-,-,-,,-,2023,J47,Bronquectasia
Pedreira,,-,-,-,-,-,-,-,,-,2023,J47,Bronquectasia
Penha,,-,-,-,-,-,1,-,,1,2023,J47,Bronquectasia
Perdizes,,-,-,-,-,-,-,-,,-,2023,J47,Bronquectasia
Perus,,-,-,-,-,-,-,-,,-,2023,J47,Bronquectasia
Pinheiros,,-,-,-,-,-,-,-,,-,2023,J47,Bronquectasia
Pirituba,,1,-,-,-,-,-,-,,1,2023,J47,Bronquectasia
Ponte Rasa,,-,-,-,-,-,-,-,,-,2023,J47,Bronquectasia
Raposo Tavares,,-,-,-,-,-,-,-,,-,2023,J47,Bronquectasia
República,,-,-,-,-,-,-,-,,-,2023,J47,Bronquectasia
Rio Pequeno,,-,1,-,-,-,-,-,,1,2023,J47,Bronquectasia
Sacomã,,-,-,-,-,-,-,-,,-,2023,J47,Bronquectasia
Santa Cecília,,-,-,-,-,-,-,-,,-,2023,J47,Bronquectasia
Santana,,-,-,-,-,-,-,-,,-,2023,J47,Bronquectasia
Santo Amaro,,-,-,-,-,-,-,-,,-,2023,J47,Bronquectasia
São Domingos,,-,-,-,-,-,-,-,,-,2023,J47,Bronquectasia
São Lucas,,-,-,-,-,-,-,-,,-,2023,J47,Bronquectasia
São Mateus,,-,-,-,-,-,-,-,,-,2023,J47,Bronquectasia
São Miguel,,-,-,-,-,-,1,-,,1,2023,J47,Bronquectasia
São Rafael,,-,-,-,-,-,-,-,,-,2023,J47,Bronquectasia
Sapopemba,,-,-,-,-,-,-,-,,-,2023,J47,Bronquectasia
Saúde,,-,-,-,-,-,-,-,,-,2023,J47,Bronquectasia
Sé,,-,-,-,-,-,-,-,,-,2023,J47,Bronquectasia
Socorro,,-,-,-,-,-,-,-,,-,2023,J47,Bronquectasia
Tatuapé,,-,-,-,-,-,-,-,,-,2023,J47,Bronquectasia
Tremembé,,-,-,-,-,-,-,-,,-,2023,J47,Bronquectasia
Tucuruvi,,-,-,-,-,-,-,-,,-,2023,J47,Bronquectasia
Vila Andrade,,-,-,-,-,-,-,-,,-,2023,J47,Bronquectasia
Vila Curuçá,,-,-,-,1,-,-,-,,1,2023,J47,Bronquectasia
Vila Formosa,,-,-,-,-,-,-,-,,-,2023,J47,Bronquectasia
Vila Guilherme,,-,-,-,-,-,-,-,,-,2023,J47,Bronquectasia
Vila Jacuí,,-,-,-,-,-,-,-,,-,2023,J47,Bronquectasia
Vila Leopoldina,,-,-,-,-,-,-,-,,-,2023,J47,Bronquectasia
Vila Maria,,-,-,-,-,-,-,1,,1,2023,J47,Bronquectasia
Vila Mariana,,-,-,-,-,-,-,-,,-,2023,J47,Bronquectasia
Vila Matilde,,-,-,-,-,-,-,-,,-,2023,J47,Bronquectasia
Vila Medeiros,,-,-,-,-,-,-,-,,-,2023,J47,Bronquectasia
Vila Prudente,,-,-,-,-,-,-,-,,-,2023,J47,Bronquectasia
Vila Sônia,,-,-,-,-,-,-,-,,-,2023,J47,Bronquectasia
Desconhecido,,-,-,-,-,-,-,-,,-,2023,J47,Bronquectasia
Ignorado,,-,-,-,-,-,-,-,,-,2023,J47,Bronquectasia
Água Rasa,,,-,-,,-,-,-,,-,2024,J47,Bronquectasia
Alto de Pinheiros,,,-,-,,-,-,-,,-,2024,J47,Bronquectasia
Anhanguera,,,-,-,,-,-,-,,-,2024,J47,Bronquectasia
Aricanduva,,,-,-,,-,-,-,,-,2024,J47,Bronquectasia
Artur Alvim,,,-,-,,-,-,-,,-,2024,J47,Bronquectasia
Barra Funda,,,-,-,,-,1,-,,1,2024,J47,Bronquectasia
Bela Vista,,,-,-,,-,1,-,,1,2024,J47,Bronquectasia
Belém,,,-,-,,-,-,-,,-,2024,J47,Bronquectasia
Bom Retiro,,,-,-,,-,-,-,,-,2024,J47,Bronquectasia
Brás,,,-,-,,-,-,-,,-,2024,J47,Bronquectasia
Brasilândia,,,-,-,,-,-,-,,-,2024,J47,Bronquectasia
Butantã,,,-,-,,-,-,-,,-,2024,J47,Bronquectasia
Cachoeirinha,,,-,-,,-,-,-,,-,2024,J47,Bronquectasia
Cambuci,,,-,-,,-,-,-,,-,2024,J47,Bronquectasia
Campo Belo,,,-,-,,-,1,-,,1,2024,J47,Bronquectasia
Campo Grande,,,-,-,,-,-,-,,-,2024,J47,Bronquectasia
Campo Limpo,,,-,-,,-,-,-,,-,2024,J47,Bronquectasia
Cangaíba,,,-,-,,-,-,-,,-,2024,J47,Bronquectasia
Capão Redondo,,,-,-,,1,-,-,,1,2024,J47,Bronquectasia
Carrão,,,-,-,,1,-,-,,1,2024,J47,Bronquectasia
Casa Verde,,,-,-,,-,-,-,,-,2024,J47,Bronquectasia
Cidade Ademar,,,-,-,,-,-,-,,-,2024,J47,Bronquectasia
Cidade Dutra,,,-,-,,-,-,-,,-,2024,J47,Bronquectasia
Cidade Líder,,,-,-,,-,-,-,,-,2024,J47,Bronquectasia
Cidade Tiradentes,,,-,-,,-,-,-,,-,2024,J47,Bronquectasia
Consolação,,,-,-,,-,-,-,,-,2024,J47,Bronquectasia
Cursino,,,-,-,,-,-,-,,-,2024,J47,Bronquectasia
Ermelino Matarazzo,,,-,-,,-,-,-,,-,2024,J47,Bronquectasia
Freguesia do Ó,,,-,-,,1,-,-,,1,2024,J47,Bronquectasia
Grajaú,,,-,-,,-,-,-,,-,2024,J47,Bronquectasia
Guaianases,,,-,-,,-,-,-,,-,2024,J47,Bronquectasia
Iguatemi,,,-,1,,-,-,-,,1,2024,J47,Bronquectasia
Ipiranga,,,-,-,,-,-,-,,-,2024,J47,Bronquectasia
Itaim Bibi,,,-,-,,-,2,-,,2,2024,J47,Bronquectasia
Itaim Paulista,,,-,-,,-,-,-,,-,2024,J47,Bronquectasia
Itaquera,,,-,-,,-,-,-,,-,2024,J47,Bronquectasia
Jabaquara,,,-,-,,-,-,-,,-,2024,J47,Bronquectasia
Jaçanã,,,-,-,,-,-,-,,-,2024,J47,Bronquectasia
Jaguara,,,-,-,,-,-,-,,-,2024,J47,Bronquectasia
Jaguaré,,,-,-,,-,-,-,,-,2024,J47,Bronquectasia
Jaraguá,,,-,-,,-,-,-,,-,2024,J47,Bronquectasia
Jardim Ângela,,,-,-,,-,-,-,,-,2024,J47,Bronquectasia
Jardim Helena,,,-,-,,-,-,-,,-,2024,J47,Bronquectasia
Jardim Paulista,,,-,-,,-,-,-,,-,2024,J47,Bronquectasia
Jardim São Luís,,,-,-,,-,-,-,,-,2024,J47,Bronquectasia
José Bonifácio,,,-,-,,1,1,-,,2,2024,J47,Bronquectasia
Lajeado,,,-,-,,-,-,-,,-,2024,J47,Bronquectasia
Lapa,,,-,-,,-,-,-,,-,2024,J47,Bronquectasia
Liberdade,,,-,-,,-,-,-,,-,2024,J47,Bronquectasia
Limão,,,-,-,,-,-,-,,-,2024,J47,Bronquectasia
Mandaqui,,,-,-,,-,-,-,,-,2024,J47,Bronquectasia
Marsilac,,,-,-,,-,-,-,,-,2024,J47,Bronquectasia
Moema,,,-,-,,-,-,-,,-,2024,J47,Bronquectasia
Moóca,,,-,-,,-,-,-,,-,2024,J47,Bronquectasia
Morumbi,,,-,-,,-,-,-,,-,2024,J47,Bronquectasia
Parelheiros,,,-,-,,-,-,1,,1,2024,J47,Bronquectasia
Pari,,,-,-,,-,-,-,,-,2024,J47,Bronquectasia
Parque do Carmo,,,-,-,,-,-,-,,-,2024,J47,Bronquectasia
Pedreira,,,-,-,,-,-,-,,-,2024,J47,Bronquectasia
Penha,,,-,-,,-,-,-,,-,2024,J47,Bronquectasia
Perdizes,,,-,-,,-,-,-,,-,2024,J47,Bronquectasia
Perus,,,-,-,,-,-,-,,-,2024,J47,Bronquectasia
Pinheiros,,,-,-,,-,-,-,,-,2024,J47,Bronquectasia
Pirituba,,,1,-,,1,-,-,,2,2024,J47,Bronquectasia
Ponte Rasa,,,-,-,,-,-,-,,-,2024,J47,Bronquectasia
Raposo Tavares,,,-,-,,-,-,-,,-,2024,J47,Bronquectasia
República,,,-,-,,-,-,-,,-,2024,J47,Bronquectasia
Rio Pequeno,,,-,-,,-,-,-,,-,2024,J47,Bronquectasia
Sacomã,,,-,-,,-,-,-,,-,2024,J47,Bronquectasia
Santa Cecília,,,-,-,,-,-,-,,-,2024,J47,Bronquectasia
Santana,,,-,-,,-,-,-,,-,2024,J47,Bronquectasia
Santo Amaro,,,-,-,,-,-,-,,-,2024,J47,Bronquectasia
São Domingos,,,-,-,,-,-,-,,-,2024,J47,Bronquectasia
São Lucas,,,-,-,,-,1,-,,1,2024,J47,Bronquectasia
São Mateus,,,-,-,,-,-,-,,-,2024,J47,Bronquectasia
São Miguel,,,-,-,,-,-,-,,-,2024,J47,Bronquectasia
São Rafael,,,-,-,,-,-,-,,-,2024,J47,Bronquectasia
Sapopemba,,,-,-,,-,-,-,,-,2024,J47,Bronquectasia
Saúde,,,-,-,,-,-,-,,-,2024,J47,Bronquectasia
Sé,,,-,-,,-,-,-,,-,2024,J47,Bronquectasia
Socorro,,,-,-,,-,-,-,,-,2024,J47,Bronquectasia
Tatuapé,,,-,-,,-,1,-,,1,2024,J47,Bronquectasia
Tremembé,,,-,-,,-,-,-,,-,2024,J47,Bronquectasia
Tucuruvi,,,-,-,,-,-,-,,-,2024,J47,Bronquectasia
Vila Andrade,,,-,-,,-,-,-,,-,2024,J47,Bronquectasia
Vila Curuçá,,,-,-,,-,-,-,,-,2024,J47,Bronquectasia
Vila Formosa,,,-,-,,-,-,-,,-,2024,J47,Bronquectasia
Vila Guilherme,,,-,-,,-,-,-,,-,2024,J47,Bronquectasia
Vila Jacuí,,,-,-,,-,-,-,,-,2024,J47,Bronquectasia
Vila Leopoldina,,,-,-,,-,-,-,,-,2024,J47,Bronquectasia
Vila Maria,,,-,-,,-,-,-,,-,2024,J47,Bronquectasia
Vila Mariana,,,-,-,,-,-,-,,-,2024,J47,Bronquectasia
Vila Matilde,,,-,-,,-,-,-,,-,2024,J47,Bronquectasia
Vila Medeiros,,,-,-,,-,-,-,,-,2024,J47,Bronquectasia
Vila Prudente,,,-,-,,-,-,-,,-,2024,J47,Bronquectasia
Vila Sônia,,,-,-,,-,-,-,,-,2024,J47,Bronquectasia
Desconhecido,,,-,-,,-,-,-,,-,2024,J47,Bronquectasia
Ignorado,,,-,-,,-,-,-,,-,2024,J47,Bronquectasia
Água Rasa,-,-,,-,-,-,-,,-,-,2025,J47,Bronquectasia
Alto de Pinheiros,-,-,,-,-,-,-,,-,-,2025,J47,Bronquectasia
Anhanguera,-,-,,-,1,-,-,,-,1,2025,J47,Bronquectasia
Aricanduva,-,-,,-,-,-,-,,-,-,2025,J47,Bronquectasia
Artur Alvim,-,-,,-,-,-,-,,-,-,2025,J47,Bronquectasia
Barra Funda,-,-,,-,-,-,-,,-,-,2025,J47,Bronquectasia
Bela Vista,-,-,,-,-,-,-,,-,-,2025,J47,Bronquectasia
Belém,-,-,,-,-,-,-,,-,-,2025,J47,Bronquectasia
Bom Retiro,-,-,,-,-,-,-,,-,-,2025,J47,Bronquectasia
Brás,-,-,,-,-,-,-,,-,-,2025,J47,Bronquectasia
Brasilândia,-,-,,-,-,-,-,,-,-,2025,J47,Bronquectasia
Butantã,-,-,,-,-,-,-,,-,-,2025,J47,Bronquectasia
Cachoeirinha,-,-,,-,-,-,-,,-,-,2025,J47,Bronquectasia
Cambuci,-,-,,-,-,-,-,,-,-,2025,J47,Bronquectasia
Campo Belo,-,-,,-,-,-,-,,-,-,2025,J47,Bronquectasia
Campo Grande,-,-,,-,-,-,-,,-,-,2025,J47,Bronquectasia
Campo Limpo,-,-,,-,-,-,1,,-,1,2025,J47,Bronquectasia
Cangaíba,-,-,,-,-,-,-,,-,-,2025,J47,Bronquectasia
Capão Redondo,-,-,,-,-,-,-,,-,-,2025,J47,Bronquectasia
Carrão,-,-,,-,-,-,-,,-,-,2025,J47,Bronquectasia
Casa Verde,-,-,,1,-,-,-,,-,1,2025,J47,Bronquectasia
Cidade Ademar,-,-,,-,-,-,-,,-,-,2025,J47,Bronquectasia
Cidade Dutra,-,-,,-,-,-,-,,-,-,2025,J47,Bronquectasia
Cidade Líder,-,-,,-,-,-,-,,-,-,2025,J47,Bronquectasia
Cidade Tiradentes,-,-,,1,-,-,-,,-,1,2025,J47,Bronquectasia
Consolação,-,-,,-,-,-,-,,-,-,2025,J47,Bronquectasia
Cursino,-,-,,-,-,-,-,,-,-,2025,J47,Bronquectasia
Ermelino Matarazzo,-,-,,-,-,-,-,,-,-,2025,J47,Bronquectasia
Freguesia do Ó,-,-,,-,-,-,-,,-,-,2025,J47,Bronquectasia
Grajaú,-,-,,-,-,-,-,,-,-,2025,J47,Bronquectasia
Guaianases,-,-,,-,-,-,-,,-,-,2025,J47,Bronquectasia
Iguatemi,-,-,,-,-,-,-,,-,-,2025,J47,Bronquectasia
Ipiranga,-,-,,-,-,-,-,,-,-,2025,J47,Bronquectasia
Itaim Bibi,-,-,,-,-,-,-,,-,-,2025,J47,Bronquectasia
Itaim Paulista,-,-,,-,-,-,-,,-,-,2025,J47,Bronquectasia
Itaquera,1,-,,-,-,-,-,,-,1,2025,J47,Bronquectasia
Jabaquara,-,-,,-,-,-,-,,-,-,2025,J47,Bronquectasia
Jaçanã,-,-,,-,-,-,-,,-,-,2025,J47,Bronquectasia
Jaguara,-,-,,-,-,-,-,,-,-,2025,J47,Bronquectasia
Jaguaré,-,-,,-,-,-,-,,-,-,2025,J47,Bronquectasia
Jaraguá,-,-,,-,-,-,-,,-,-,2025,J47,Bronquectasia
Jardim Ângela,-,-,,-,1,-,-,,-,1,2025,J47,Bronquectasia
Jardim Helena,-,-,,-,-,-,-,,-,-,2025,J47,Bronquectasia
Jardim Paulista,-,-,,-,-,-,-,,-,-,2025,J47,Bronquectasia
Jardim São Luís,-,-,,-,-,-,-,,-,-,2025,J47,Bronquectasia
José Bonifácio,-,-,,-,-,-,1,,-,1,2025,J47,Bronquectasia
Lajeado,-,-,,-,-,-,-,,-,-,2025,J47,Bronquectasia
Lapa,-,-,,-,-,-,-,,-,-,2025,J47,Bronquectasia
Liberdade,-,-,,-,-,-,-,,-,-,2025,J47,Bronquectasia
Limão,-,-,,-,-,-,-,,-,-,2025,J47,Bronquectasia
Mandaqui,-,-,,-,-,-,-,,-,-,2025,J47,Bronquectasia
Marsilac,-,-,,-,-,-,-,,-,-,2025,J47,Bronquectasia
Moema,-,-,,-,-,-,-,,-,-,2025,J47,Bronquectasia
Moóca,-,-,,-,-,-,-,,-,-,2025,J47,Bronquectasia
Morumbi,-,-,,-,-,-,-,,-,-,2025,J47,Bronquectasia
Parelheiros,-,-,,-,-,-,-,,-,-,2025,J47,Bronquectasia
Pari,-,-,,-,-,-,-,,-,-,2025,J47,Bronquectasia
Parque do Carmo,-,-,,-,-,-,-,,-,-,2025,J47,Bronquectasia
Pedreira,-,-,,-,-,-,-,,-,-,2025,J47,Bronquectasia
Penha,-,-,,-,-,-,-,,-,-,2025,J47,Bronquectasia
Perdizes,-,-,,-,-,-,-,,-,-,2025,J47,Bronquectasia
Perus,-,-,,-,-,-,-,,-,-,2025,J47,Bronquectasia
Pinheiros,-,-,,-,-,-,-,,-,-,2025,J47,Bronquectasia
Pirituba,-,-,,-,-,-,-,,-,-,2025,J47,Bronquectasia
Ponte Rasa,-,-,,-,-,-,-,,-,-,2025,J47,Bronquectasia
Raposo Tavares,-,1,,-,-,-,-,,-,1,2025,J47,Bronquectasia
República,-,-,,-,-,-,-,,-,-,2025,J47,Bronquectasia
Rio Pequeno,-,-,,1,-,-,-,,-,1,2025,J47,Bronquectasia
Sacomã,-,-,,-,-,-,-,,-,-,2025,J47,Bronquectasia
Santa Cecília,-,-,,-,-,-,-,,-,-,2025,J47,Bronquectasia
Santana,-,-,,-,1,-,-,,-,1,2025,J47,Bronquectasia
Santo Amaro,-,-,,-,-,-,-,,-,-,2025,J47,Bronquectasia
São Domingos,-,-,,-,-,-,-,,-,-,2025,J47,Bronquectasia
São Lucas,-,-,,-,-,1,-,,-,1,2025,J47,Bronquectasia
São Mateus,-,-,,1,-,-,-,,-,1,2025,J47,Bronquectasia
São Miguel,-,1,,-,-,-,-,,-,1,2025,J47,Bronquectasia
São Rafael,-,-,,-,-,-,-,,-,-,2025,J47,Bronquectasia
Sapopemba,-,-,,-,-,-,-,,-,-,2025,J47,Bronquectasia
Saúde,-,-,,-,-,-,-,,-,-,2025,J47,Bronquectasia
Sé,-,-,,-,-,-,-,,-,-,2025,J47,Bronquectasia
Socorro,-,-,,-,-,-,-,,-,-,2025,J47,Bronquectasia
Tatuapé,-,-,,-,-,-,-,,-,-,2025,J47,Bronquectasia
Tremembé,-,-,,-,-,1,-,,-,1,2025,J47,Bronquectasia
Tucuruvi,-,-,,-,-,-,-,,-,-,2025,J47,Bronquectasia
Vila Andrade,-,-,,-,-,-,-,,-,-,2025,J47,Bronquectasia
Vila Curuçá,-,-,,-,-,-,-,,-,-,2025,J47,Bronquectasia
Vila Formosa,-,-,,-,-,-,-,,-,-,2025,J47,Bronquectasia
Vila Guilherme,-,-,,-,-,-,-,,-,-,2025,J47,Bronquectasia
Vila Jacuí,-,-,,-,-,-,-,,-,-,2025,J47,Bronquectasia
Vila Leopoldina,-,-,,-,-,-,-,,-,-,2025,J47,Bronquectasia
Vila Maria,-,-,,-,-,-,-,,-,-,2025,J47,Bronquectasia
Vila Mariana,-,-,,-,-,-,-,,-,-,2025,J47,Bronquectasia
Vila Matilde,-,-,,-,-,-,-,,-,-,2025,J47,Bronquectasia
Vila Medeiros,-,-,,-,-,-,1,,-,1,2025,J47,Bronquectasia
Vila Prudente,-,-,,-,-,-,-,,-,-,2025,J47,Bronquectasia
Vila Sônia,-,-,,-,-,-,-,,-,-,2025,J47,Bronquectasia
Desconhecido,-,-,,-,-,-,-,,-,-,2025,J47,Bronquectasia
Ignorado,-,-,,-,-,-,-,,1,1,2025,J47,Bronquectasia
